{"k3": 2.828542,
 "k4": 0.953015,
 "k5": 0.009999,
 "k6": 26.821861,
 "k7": 0.638429,
 "k8": 1.934807}
