{"k1": 1.842192,
 "k2": 26.639385,
 "k3": 2.828542,
 "k4": 0.953015,
 "k5": 0.009999,
 "k6": 26.821861,
 "k7": 0.638429,
 "k8": 1.934807,
 "k9": 4.255633,
 "k10": 5.969177,
 "k11": 2.784037,
 "k12": 1.000000}
